Protocol,DosEnabled,Seed,NodeSpeed,NodePause,NumAttackers,AttackerNodes,AttackTargetNode,DosRate,TxPackets,RxPackets,PDR_percent,Throughput_kbps,AvgDelay_ms,LostPacketsByDiff,FlowmonLostPackets,ActiveDuration_s
OLSR,false,1,10,0,0,,0,1Mbps,2462,1406,57.108,10.411,2.95043,1056,956,99.3968
OLSR,true,1,10,0,1,49,0,1Mbps,2375,1332,56.0842,9.86301,8.81582,1043,907,99.3968
OLSR,false,1,2,0,0,,0,1Mbps,3514,2534,72.1116,18.7634,9.07603,980,862,99.397
OLSR,false,1,5,0,0,,0,1Mbps,2765,1465,52.9837,10.8432,8.41863,1300,1137,99.4397
OLSR,true,1,2,0,1,49,0,1Mbps,2529,1918,75.8403,14.2021,18.8047,611,590,99.3968
OLSR,true,1,5,0,1,49,0,1Mbps,2730,1349,49.4139,9.98923,75.2149,1381,1166,99.3935
OLSR,true,1,10,0,3,49|48|47,0,1Mbps,2329,1368,58.7377,10.1296,12.8532,961,859,99.3968
OLSR,true,1,10,0,5,49|48|47|46|45,0,1Mbps,1994,1363,68.3551,10.1071,22.4774,631,551,99.2542
OLSR,false,2,10,0,0,,0,1Mbps,2760,1142,41.3768,8.44153,11.2561,1618,1564,99.5687
OLSR,true,2,10,0,1,49,0,1Mbps,2053,975,47.4915,7.20708,74.3215,1078,1023,99.5687
OLSR,false,2,2,0,0,,0,1Mbps,3605,2403,66.6574,17.7396,11.5459,1202,1137,99.6983
OLSR,false,2,5,0,0,,0,1Mbps,2740,1528,55.7664,11.2979,8.91918,1212,1112,99.5416
OLSR,true,2,2,0,1,49,0,1Mbps,2564,1182,46.0998,8.73183,253.606,1382,1285,99.63
OLSR,true,2,5,0,1,49,0,1Mbps,2741,1454,53.0463,10.7507,41.0248,1287,1190,99.5416
OLSR,true,2,10,0,3,49|48|47,0,1Mbps,1928,772,40.0415,5.70653,108.118,1156,1103,99.5687
OLSR,true,2,10,0,5,49|48|47|46|45,0,1Mbps,1651,615,37.2502,4.54618,145.028,1036,943,99.5648
OLSR,false,3,10,0,0,,0,1Mbps,2443,1425,58.3299,10.5486,5.00326,1018,926,99.4254
OLSR,true,3,10,0,1,49,0,1Mbps,2422,1314,54.2527,9.72693,20.3769,1108,994,99.4254
OLSR,false,3,2,0,0,,0,1Mbps,3332,2549,76.5006,18.8693,2.66509,783,770,99.4243
OLSR,false,3,5,0,0,,0,1Mbps,3522,2128,60.4202,15.764,8.52512,1394,1278,99.3535
OLSR,true,3,2,0,1,49,0,1Mbps,2813,2392,85.0338,17.7071,12.1693,421,396,99.4243
OLSR,true,3,5,0,1,49,0,1Mbps,2918,1935,66.3125,14.3354,39.9818,983,908,99.3454
OLSR,true,3,10,0,3,49|48|47,0,1Mbps,2380,1152,48.4034,8.52772,25.3808,1228,1137,99.4254
OLSR,true,3,10,0,5,49|48|47|46|45,0,1Mbps,1948,1177,60.4209,8.71264,52.4889,771,690,99.4271
OLSR,false,4,10,0,0,,0,1Mbps,2686,1305,48.5853,9.64761,7.00485,1381,1278,99.5563
OLSR,true,4,10,0,1,49,0,1Mbps,2578,1163,45.1125,8.59783,11.9141,1415,1327,99.5563
OLSR,false,4,2,0,0,,0,1Mbps,3607,2732,75.7416,20.1943,5.21059,875,742,99.5702
OLSR,false,4,5,0,0,,0,1Mbps,2687,1880,69.9665,13.8965,3.21679,807,745,99.5702
OLSR,true,4,2,0,1,49,0,1Mbps,2368,1993,84.1639,14.7297,52.3606,375,331,99.5845
OLSR,true,4,5,0,1,49,0,1Mbps,2487,1728,69.4813,12.773,8.17862,759,664,99.5702
OLSR,true,4,10,0,3,49|48|47,0,1Mbps,2572,1174,45.6454,8.67915,12.169,1398,1289,99.5563
OLSR,true,4,10,0,5,49|48|47|46|45,0,1Mbps,2601,1236,47.5202,9.1375,24.2819,1365,1276,99.5563
OLSR,false,5,10,0,0,,0,1Mbps,3285,1776,54.0639,13.1108,9.11077,1509,1395,99.6992
OLSR,true,5,10,0,1,49,0,1Mbps,3141,1575,50.1433,11.627,58.2884,1566,1456,99.6992
OLSR,false,5,2,0,0,,0,1Mbps,3686,3016,81.8231,22.2651,3.7091,670,567,99.6975
OLSR,false,5,5,0,0,,0,1Mbps,3336,2307,69.1547,17.0261,5.71987,1029,944,99.7263
OLSR,true,5,2,0,1,49,0,1Mbps,3409,2284,66.9991,16.8612,83.6233,1125,1002,99.6975
OLSR,true,5,5,0,1,49,0,1Mbps,2954,1973,66.7908,14.5611,28.4189,981,917,99.7263
OLSR,true,5,10,0,3,49|48|47,0,1Mbps,2589,1393,53.8046,10.2834,46.776,1196,1126,99.6992
OLSR,true,5,10,0,5,49|48|47|46|45,0,1Mbps,2387,889,37.2434,6.56278,116.984,1498,1292,99.6992
OLSR,false,6,10,0,0,,0,1Mbps,3185,1441,45.2433,10.6416,7.58372,1744,1680,99.6628
OLSR,true,6,10,0,1,49,0,1Mbps,2300,982,42.6957,7.25197,79.7843,1318,1238,99.6628
OLSR,false,6,2,0,0,,0,1Mbps,3285,2818,85.7839,20.8103,5.7262,467,449,99.6645
OLSR,false,6,5,0,0,,0,1Mbps,3693,2520,68.2372,18.6097,8.08347,1173,973,99.6639
OLSR,true,6,2,0,1,49,0,1Mbps,3120,2731,87.5321,20.1678,9.18974,389,362,99.6645
OLSR,true,6,5,0,1,49,0,1Mbps,3443,2394,69.5324,17.6817,29.7218,1049,898,99.6501
OLSR,true,6,10,0,3,49|48|47,0,1Mbps,1677,648,38.6404,4.78542,123.809,1029,971,99.6628
OLSR,true,6,10,0,5,49|48|47|46|45,0,1Mbps,1891,554,29.2967,4.09123,221.037,1337,1260,99.6628
OLSR,false,7,10,0,0,,0,1Mbps,3145,1741,55.3577,12.8583,3.21544,1404,1262,99.6534
OLSR,true,7,10,0,1,49,0,1Mbps,3186,1726,54.1745,12.7475,25.3759,1460,1315,99.6534
OLSR,false,7,2,0,0,,0,1Mbps,2699,1753,64.95,12.9804,7.53767,946,791,99.3965
OLSR,false,7,5,0,0,,0,1Mbps,2508,1754,69.9362,12.9542,6.59511,754,723,99.6545
OLSR,true,7,2,0,1,49,0,1Mbps,2408,1435,59.593,10.6247,93.7991,973,882,99.4065
OLSR,true,7,5,0,1,49,0,1Mbps,2525,1631,64.5941,12.0452,17.21,894,846,99.6592
OLSR,true,7,10,0,3,49|48|47,0,1Mbps,2241,1341,59.8394,9.904,44.2703,900,822,99.6543
OLSR,true,7,10,0,5,49|48|47|46|45,0,1Mbps,2135,1386,64.918,10.2364,68.6935,749,674,99.6534
OLSR,false,8,10,0,0,,0,1Mbps,2812,1141,40.5761,8.45273,13.2621,1671,1533,99.3497
OLSR,true,8,10,0,1,49,0,1Mbps,2257,996,44.1294,7.37854,70.5917,1261,1171,99.3497
OLSR,false,8,2,0,0,,0,1Mbps,3159,2729,86.3881,20.1914,5.13284,430,405,99.475
OLSR,false,8,5,0,0,,0,1Mbps,2621,1741,66.425,12.8986,6.7113,880,783,99.3422
OLSR,true,8,2,0,1,49,0,1Mbps,3014,2685,89.0843,19.8659,4.15444,329,311,99.475
OLSR,true,8,5,0,1,49,0,1Mbps,2410,1687,70,12.4985,40.4338,723,667,99.3428
OLSR,true,8,10,0,3,49|48|47,0,1Mbps,1792,747,41.6853,5.53805,127.697,1045,909,99.2753
OLSR,true,8,10,0,5,49|48|47|46|45,0,1Mbps,1563,548,35.0608,4.0628,163.152,1015,840,99.2733
OLSR,false,9,10,0,0,,0,1Mbps,2483,900,36.2465,6.65012,13.0562,1583,1415,99.6072
OLSR,true,9,10,0,1,49,0,1Mbps,1480,667,45.0676,4.9275,14.7612,813,741,99.627
OLSR,false,9,2,0,0,,0,1Mbps,3546,3076,86.7456,22.7234,5.42088,470,414,99.6301
OLSR,false,9,5,0,0,,0,1Mbps,2829,1658,58.6073,12.2489,4.8519,1171,1070,99.6241
OLSR,true,9,2,0,1,49,0,1Mbps,2804,2283,81.4194,16.8592,54.1334,521,464,99.6662
OLSR,true,9,5,0,1,49,0,1Mbps,2491,1352,54.2754,9.98687,66.0777,1139,1056,99.638
OLSR,true,9,10,0,3,49|48|47,0,1Mbps,1487,634,42.6362,4.68464,48.1744,853,826,99.6072
OLSR,true,9,10,0,5,49|48|47|46|45,0,1Mbps,1482,587,39.6086,4.33736,36.4615,895,849,99.6072
OLSR,false,10,10,0,0,,0,1Mbps,1408,435,30.8949,3.21488,20.1509,973,883,99.5871
OLSR,true,10,10,0,1,49,0,1Mbps,1388,427,30.7637,3.16915,23.4936,961,897,99.166
OLSR,false,10,2,0,0,,0,1Mbps,3073,2460,80.0521,18.1652,4.13376,613,526,99.6718
OLSR,false,10,5,0,0,,0,1Mbps,2659,1619,60.8876,11.9611,5.57635,1040,976,99.6212
OLSR,true,10,2,0,1,49,0,1Mbps,2447,1811,74.009,13.3795,45.057,636,581,99.6223
OLSR,true,10,5,0,1,49,0,1Mbps,2302,1262,54.8219,9.32363,64.4613,1040,975,99.6212
OLSR,true,10,10,0,3,49|48|47,0,1Mbps,806,413,51.2407,3.06524,18.5369,393,332,99.166
OLSR,true,10,10,0,5,49|48|47|46|45,0,1Mbps,774,397,51.292,2.94648,27.8308,377,293,99.1665
